label,pest_risk_level,pest_recommended_action
20,Medium,Increased monitoring and preventative measures
20,Medium,Increased monitoring and preventative measures
20,Medium,Increased monitoring and preventative measures
20,Medium,Increased monitoring and preventative measures
20,Medium,Increased monitoring and preventative measures
20,Medium,Increased monitoring and preventative measures
20,Medium,Increased monitoring and preventative measures
20,Medium,Increased monitoring and preventative measures
20,Medium,Increased monitoring and preventative measures
20,Medium,Increased monitoring and preventative measures
20,Medium,Increased monitoring and preventative measures
20,Medium,Increased monitoring and preventative measures
20,Medium,Increased monitoring and preventative measures
20,Medium,Increased monitoring and preventative measures
20,Medium,Increased monitoring and preventative measures
20,Medium,Increased monitoring and preventative measures
20,Medium,Increased monitoring and preventative measures
20,Medium,Increased monitoring and preventative measures
20,Medium,Increased monitoring and preventative measures
20,Medium,Increased monitoring and preventative measures
20,Medium,Increased monitoring and preventative measures
20,Medium,Increased monitoring and preventative measures
20,Medium,Increased monitoring and preventative measures
20,Medium,Increased monitoring and preventative measures
20,Medium,Increased monitoring and preventative measures
20,Medium,Increased monitoring and preventative measures
20,Medium,Increased monitoring and preventative measures
20,Medium,Increased monitoring and preventative measures
20,Medium,Increased monitoring and preventative measures
20,Medium,Increased monitoring and preventative measures
20,Medium,Increased monitoring and preventative measures
20,Medium,Increased monitoring and preventative measures
20,Medium,Increased monitoring and preventative measures
20,Medium,Increased monitoring and preventative measures
20,Medium,Increased monitoring and preventative measures
20,Medium,Increased monitoring and preventative measures
20,Medium,Increased monitoring and preventative measures
20,Medium,Increased monitoring and preventative measures
20,Medium,Increased monitoring and preventative measures
20,Medium,Increased monitoring and preventative measures
20,Medium,Increased monitoring and preventative measures
20,Medium,Increased monitoring and preventative measures
20,Medium,Increased monitoring and preventative measures
20,Medium,Increased monitoring and preventative measures
20,Medium,Increased monitoring and preventative measures
20,Medium,Increased monitoring and preventative measures
20,Medium,Increased monitoring and preventative measures
20,Medium,Increased monitoring and preventative measures
20,Medium,Increased monitoring and preventative measures
20,Medium,Increased monitoring and preventative measures
20,Medium,Increased monitoring and preventative measures
20,Medium,Increased monitoring and preventative measures
20,Medium,Increased monitoring and preventative measures
20,Medium,Increased monitoring and preventative measures
20,Medium,Increased monitoring and preventative measures
20,Medium,Increased monitoring and preventative measures
20,Medium,Increased monitoring and preventative measures
20,Medium,Increased monitoring and preventative measures
20,Medium,Increased monitoring and preventative measures
20,Medium,Increased monitoring and preventative measures
20,Medium,Increased monitoring and preventative measures
20,Medium,Increased monitoring and preventative measures
20,Medium,Increased monitoring and preventative measures
20,Medium,Increased monitoring and preventative measures
20,Medium,Increased monitoring and preventative measures
20,Medium,Increased monitoring and preventative measures
20,Medium,Increased monitoring and preventative measures
20,Medium,Increased monitoring and preventative measures
20,Medium,Increased monitoring and preventative measures
20,Medium,Increased monitoring and preventative measures
20,Medium,Increased monitoring and preventative measures
20,Medium,Increased monitoring and preventative measures
20,Medium,Increased monitoring and preventative measures
20,Medium,Increased monitoring and preventative measures
20,Medium,Increased monitoring and preventative measures
20,Medium,Increased monitoring and preventative measures
20,Medium,Increased monitoring and preventative measures
20,Medium,Increased monitoring and preventative measures
20,Medium,Increased monitoring and preventative measures
20,Medium,Increased monitoring and preventative measures
20,Medium,Increased monitoring and preventative measures
20,Medium,Increased monitoring and preventative measures
20,Medium,Increased monitoring and preventative measures
20,Medium,Increased monitoring and preventative measures
20,Medium,Increased monitoring and preventative measures
20,Medium,Increased monitoring and preventative measures
20,Medium,Increased monitoring and preventative measures
20,Medium,Increased monitoring and preventative measures
20,Medium,Increased monitoring and preventative measures
20,Medium,Increased monitoring and preventative measures
20,Medium,Increased monitoring and preventative measures
20,Medium,Increased monitoring and preventative measures
20,Medium,Increased monitoring and preventative measures
20,Medium,Increased monitoring and preventative measures
20,Medium,Increased monitoring and preventative measures
20,Medium,Increased monitoring and preventative measures
20,Medium,Increased monitoring and preventative measures
20,Medium,Increased monitoring and preventative measures
20,Medium,Increased monitoring and preventative measures
20,Medium,Increased monitoring and preventative measures
11,Low,Routine monitoring
11,Medium,Increased monitoring and preventative measures
11,Low,Routine monitoring
11,Low,Routine monitoring
11,Low,Routine monitoring
11,Low,Routine monitoring
11,Medium,Increased monitoring and preventative measures
11,Medium,Increased monitoring and preventative measures
11,Low,Routine monitoring
11,Low,Routine monitoring
11,Low,Routine monitoring
11,Low,Routine monitoring
11,Low,Routine monitoring
11,Low,Routine monitoring
11,Medium,Increased monitoring and preventative measures
11,Low,Routine monitoring
11,Low,Routine monitoring
11,Medium,Increased monitoring and preventative measures
11,Low,Routine monitoring
11,Low,Routine monitoring
11,Low,Routine monitoring
11,Low,Routine monitoring
11,Low,Routine monitoring
11,Low,Routine monitoring
11,Medium,Increased monitoring and preventative measures
11,Medium,Increased monitoring and preventative measures
11,Low,Routine monitoring
11,Low,Routine monitoring
11,Low,Routine monitoring
11,Medium,Increased monitoring and preventative measures
11,Low,Routine monitoring
11,Low,Routine monitoring
11,Low,Routine monitoring
11,Low,Routine monitoring
11,Low,Routine monitoring
11,Medium,Increased monitoring and preventative measures
11,Low,Routine monitoring
11,Low,Routine monitoring
11,Low,Routine monitoring
11,Low,Routine monitoring
11,Low,Routine monitoring
11,Low,Routine monitoring
11,Low,Routine monitoring
11,Low,Routine monitoring
11,Low,Routine monitoring
11,Low,Routine monitoring
11,Low,Routine monitoring
11,Low,Routine monitoring
11,Medium,Increased monitoring and preventative measures
11,Low,Routine monitoring
11,Low,Routine monitoring
11,Low,Routine monitoring
11,Low,Routine monitoring
11,Low,Routine monitoring
11,Low,Routine monitoring
11,Low,Routine monitoring
11,Low,Routine monitoring
11,Low,Routine monitoring
11,Low,Routine monitoring
11,Low,Routine monitoring
11,Low,Routine monitoring
11,Low,Routine monitoring
11,Low,Routine monitoring
11,Medium,Increased monitoring and preventative measures
11,Low,Routine monitoring
11,Low,Routine monitoring
11,Low,Routine monitoring
11,Low,Routine monitoring
11,Low,Routine monitoring
11,Medium,Increased monitoring and preventative measures
11,Low,Routine monitoring
11,Low,Routine monitoring
11,Low,Routine monitoring
11,Low,Routine monitoring
11,Low,Routine monitoring
11,Low,Routine monitoring
11,Low,Routine monitoring
11,Low,Routine monitoring
11,Low,Routine monitoring
11,Low,Routine monitoring
11,Medium,Increased monitoring and preventative measures
11,Medium,Increased monitoring and preventative measures
11,Low,Routine monitoring
11,Low,Routine monitoring
11,Low,Routine monitoring
11,Medium,Increased monitoring and preventative measures
11,Medium,Increased monitoring and preventative measures
11,Medium,Increased monitoring and preventative measures
11,Medium,Increased monitoring and preventative measures
11,Low,Routine monitoring
11,Low,Routine monitoring
11,Low,Routine monitoring
11,Medium,Increased monitoring and preventative measures
11,Low,Routine monitoring
11,Low,Routine monitoring
11,Low,Routine monitoring
11,Low,Routine monitoring
11,Low,Routine monitoring
11,Low,Routine monitoring
11,Medium,Increased monitoring and preventative measures
3,Medium,Monitor for stress-related pests/diseases
3,Medium,Monitor for stress-related pests/diseases
3,Medium,Monitor for stress-related pests/diseases
3,Medium,Monitor for stress-related pests/diseases
3,Medium,Monitor for stress-related pests/diseases
3,Medium,Monitor for stress-related pests/diseases
3,Medium,Monitor for stress-related pests/diseases
3,Medium,Monitor for stress-related pests/diseases
3,Medium,Monitor for stress-related pests/diseases
3,Medium,Monitor for stress-related pests/diseases
3,Medium,Monitor for stress-related pests/diseases
3,Medium,Monitor for stress-related pests/diseases
3,Medium,Monitor for stress-related pests/diseases
3,Medium,Monitor for stress-related pests/diseases
3,Medium,Monitor for stress-related pests/diseases
3,Medium,Monitor for stress-related pests/diseases
3,Medium,Monitor for stress-related pests/diseases
3,Medium,Monitor for stress-related pests/diseases
3,Medium,Monitor for stress-related pests/diseases
3,Medium,Monitor for stress-related pests/diseases
3,Medium,Monitor for stress-related pests/diseases
3,Medium,Monitor for stress-related pests/diseases
3,Medium,Monitor for stress-related pests/diseases
3,Medium,Monitor for stress-related pests/diseases
3,Medium,Monitor for stress-related pests/diseases
3,Medium,Monitor for stress-related pests/diseases
3,Medium,Monitor for stress-related pests/diseases
3,Medium,Monitor for stress-related pests/diseases
3,Medium,Monitor for stress-related pests/diseases
3,Medium,Monitor for stress-related pests/diseases
3,Medium,Monitor for stress-related pests/diseases
3,Medium,Monitor for stress-related pests/diseases
3,Medium,Monitor for stress-related pests/diseases
3,Medium,Monitor for stress-related pests/diseases
3,Medium,Monitor for stress-related pests/diseases
3,Medium,Monitor for stress-related pests/diseases
3,Medium,Monitor for stress-related pests/diseases
3,Medium,Monitor for stress-related pests/diseases
3,Medium,Monitor for stress-related pests/diseases
3,Medium,Monitor for stress-related pests/diseases
3,Medium,Monitor for stress-related pests/diseases
3,Medium,Monitor for stress-related pests/diseases
3,Medium,Monitor for stress-related pests/diseases
3,Medium,Monitor for stress-related pests/diseases
3,Medium,Monitor for stress-related pests/diseases
3,Medium,Monitor for stress-related pests/diseases
3,Medium,Monitor for stress-related pests/diseases
3,Medium,Monitor for stress-related pests/diseases
3,Medium,Monitor for stress-related pests/diseases
3,Medium,Monitor for stress-related pests/diseases
3,Medium,Monitor for stress-related pests/diseases
3,Medium,Monitor for stress-related pests/diseases
3,Medium,Monitor for stress-related pests/diseases
3,Medium,Monitor for stress-related pests/diseases
3,Medium,Monitor for stress-related pests/diseases
3,Medium,Monitor for stress-related pests/diseases
3,Medium,Monitor for stress-related pests/diseases
3,Medium,Monitor for stress-related pests/diseases
3,Medium,Monitor for stress-related pests/diseases
3,Medium,Monitor for stress-related pests/diseases
3,Medium,Monitor for stress-related pests/diseases
3,Medium,Monitor for stress-related pests/diseases
3,Medium,Monitor for stress-related pests/diseases
3,Medium,Monitor for stress-related pests/diseases
3,Medium,Monitor for stress-related pests/diseases
3,Medium,Monitor for stress-related pests/diseases
3,Medium,Monitor for stress-related pests/diseases
3,Medium,Monitor for stress-related pests/diseases
3,Medium,Monitor for stress-related pests/diseases
3,Medium,Monitor for stress-related pests/diseases
3,Medium,Monitor for stress-related pests/diseases
3,Medium,Monitor for stress-related pests/diseases
3,Medium,Monitor for stress-related pests/diseases
3,Medium,Monitor for stress-related pests/diseases
3,Medium,Monitor for stress-related pests/diseases
3,Medium,Monitor for stress-related pests/diseases
3,Medium,Monitor for stress-related pests/diseases
3,Medium,Monitor for stress-related pests/diseases
3,Medium,Monitor for stress-related pests/diseases
3,Medium,Monitor for stress-related pests/diseases
3,Medium,Monitor for stress-related pests/diseases
3,Medium,Monitor for stress-related pests/diseases
3,Medium,Monitor for stress-related pests/diseases
3,Medium,Monitor for stress-related pests/diseases
3,Medium,Monitor for stress-related pests/diseases
3,Medium,Monitor for stress-related pests/diseases
3,Medium,Monitor for stress-related pests/diseases
3,Medium,Monitor for stress-related pests/diseases
3,Medium,Monitor for stress-related pests/diseases
3,Medium,Monitor for stress-related pests/diseases
3,Medium,Monitor for stress-related pests/diseases
3,Medium,Monitor for stress-related pests/diseases
3,Medium,Monitor for stress-related pests/diseases
3,Medium,Monitor for stress-related pests/diseases
3,Medium,Monitor for stress-related pests/diseases
3,Medium,Monitor for stress-related pests/diseases
3,Medium,Monitor for stress-related pests/diseases
3,Medium,Monitor for stress-related pests/diseases
3,Medium,Monitor for stress-related pests/diseases
3,Medium,Monitor for stress-related pests/diseases
9,Medium,Monitor for stress-related pests/diseases
9,Medium,Monitor for stress-related pests/diseases
9,Medium,Monitor for stress-related pests/diseases
9,Medium,Monitor for stress-related pests/diseases
9,Medium,Monitor for stress-related pests/diseases
9,Medium,Monitor for stress-related pests/diseases
9,Medium,Monitor for stress-related pests/diseases
9,Medium,Monitor for stress-related pests/diseases
9,Medium,Monitor for stress-related pests/diseases
9,Medium,Monitor for stress-related pests/diseases
9,Medium,Monitor for stress-related pests/diseases
9,Medium,Monitor for stress-related pests/diseases
9,Medium,Monitor for stress-related pests/diseases
9,Medium,Monitor for stress-related pests/diseases
9,Medium,Monitor for stress-related pests/diseases
9,Medium,Monitor for stress-related pests/diseases
9,Medium,Monitor for stress-related pests/diseases
9,Medium,Monitor for stress-related pests/diseases
9,Medium,Monitor for stress-related pests/diseases
9,Medium,Monitor for stress-related pests/diseases
9,Medium,Monitor for stress-related pests/diseases
9,Medium,Monitor for stress-related pests/diseases
9,Medium,Monitor for stress-related pests/diseases
9,Medium,Monitor for stress-related pests/diseases
9,Medium,Monitor for stress-related pests/diseases
9,Medium,Monitor for stress-related pests/diseases
9,Medium,Monitor for stress-related pests/diseases
9,Medium,Monitor for stress-related pests/diseases
9,Medium,Monitor for stress-related pests/diseases
9,Medium,Monitor for stress-related pests/diseases
9,Medium,Monitor for stress-related pests/diseases
9,Medium,Monitor for stress-related pests/diseases
9,Medium,Monitor for stress-related pests/diseases
9,Medium,Monitor for stress-related pests/diseases
9,Medium,Monitor for stress-related pests/diseases
9,Medium,Monitor for stress-related pests/diseases
9,Medium,Monitor for stress-related pests/diseases
9,Medium,Monitor for stress-related pests/diseases
9,Medium,Monitor for stress-related pests/diseases
9,Medium,Monitor for stress-related pests/diseases
9,Medium,Monitor for stress-related pests/diseases
9,Medium,Monitor for stress-related pests/diseases
9,Medium,Monitor for stress-related pests/diseases
9,Medium,Monitor for stress-related pests/diseases
9,Medium,Monitor for stress-related pests/diseases
9,Medium,Monitor for stress-related pests/diseases
9,Medium,Monitor for stress-related pests/diseases
9,Medium,Monitor for stress-related pests/diseases
9,Medium,Monitor for stress-related pests/diseases
9,Medium,Monitor for stress-related pests/diseases
9,Medium,Monitor for stress-related pests/diseases
9,Medium,Monitor for stress-related pests/diseases
9,Medium,Monitor for stress-related pests/diseases
9,Medium,Monitor for stress-related pests/diseases
9,Medium,Monitor for stress-related pests/diseases
9,Medium,Monitor for stress-related pests/diseases
9,Medium,Monitor for stress-related pests/diseases
9,Medium,Monitor for stress-related pests/diseases
9,Medium,Monitor for stress-related pests/diseases
9,Medium,Monitor for stress-related pests/diseases
9,Medium,Monitor for stress-related pests/diseases
9,Medium,Monitor for stress-related pests/diseases
9,Medium,Monitor for stress-related pests/diseases
9,Medium,Monitor for stress-related pests/diseases
9,Medium,Monitor for stress-related pests/diseases
9,Medium,Monitor for stress-related pests/diseases
9,Medium,Monitor for stress-related pests/diseases
9,Medium,Monitor for stress-related pests/diseases
9,Medium,Monitor for stress-related pests/diseases
9,Medium,Monitor for stress-related pests/diseases
9,Medium,Monitor for stress-related pests/diseases
9,Medium,Monitor for stress-related pests/diseases
9,Medium,Monitor for stress-related pests/diseases
9,Medium,Monitor for stress-related pests/diseases
9,Medium,Monitor for stress-related pests/diseases
9,Medium,Monitor for stress-related pests/diseases
9,Medium,Monitor for stress-related pests/diseases
9,Medium,Monitor for stress-related pests/diseases
9,Medium,Monitor for stress-related pests/diseases
9,Medium,Monitor for stress-related pests/diseases
9,Medium,Monitor for stress-related pests/diseases
9,Medium,Monitor for stress-related pests/diseases
9,Medium,Monitor for stress-related pests/diseases
9,Medium,Monitor for stress-related pests/diseases
9,Medium,Monitor for stress-related pests/diseases
9,Medium,Monitor for stress-related pests/diseases
9,Medium,Monitor for stress-related pests/diseases
9,Medium,Monitor for stress-related pests/diseases
9,Medium,Monitor for stress-related pests/diseases
9,Medium,Monitor for stress-related pests/diseases
9,Medium,Monitor for stress-related pests/diseases
9,Medium,Monitor for stress-related pests/diseases
9,Medium,Monitor for stress-related pests/diseases
9,Medium,Monitor for stress-related pests/diseases
9,Medium,Monitor for stress-related pests/diseases
9,Medium,Monitor for stress-related pests/diseases
9,Medium,Monitor for stress-related pests/diseases
9,Medium,Monitor for stress-related pests/diseases
9,Medium,Monitor for stress-related pests/diseases
9,Medium,Monitor for stress-related pests/diseases
18,Low,Routine monitoring
18,Medium,Increased monitoring and preventative measures
18,Low,Routine monitoring
18,Low,Routine monitoring
18,Medium,Increased monitoring and preventative measures
18,Low,Routine monitoring
18,Low,Routine monitoring
18,Medium,Increased monitoring and preventative measures
18,Medium,Increased monitoring and preventative measures
18,Medium,Increased monitoring and preventative measures
18,Medium,Increased monitoring and preventative measures
18,Medium,Increased monitoring and preventative measures
18,Low,Routine monitoring
18,Low,Routine monitoring
18,Low,Routine monitoring
18,Low,Routine monitoring
18,Medium,Increased monitoring and preventative measures
18,Low,Routine monitoring
18,Medium,Increased monitoring and preventative measures
18,Low,Routine monitoring
18,Medium,Increased monitoring and preventative measures
18,Medium,Increased monitoring and preventative measures
18,Medium,Increased monitoring and preventative measures
18,Low,Routine monitoring
18,Low,Routine monitoring
18,Low,Routine monitoring
18,Medium,Increased monitoring and preventative measures
18,Medium,Increased monitoring and preventative measures
18,Low,Routine monitoring
18,Medium,Increased monitoring and preventative measures
18,Low,Routine monitoring
18,Medium,Increased monitoring and preventative measures
18,Medium,Increased monitoring and preventative measures
18,Medium,Increased monitoring and preventative measures
18,Medium,Increased monitoring and preventative measures
18,Medium,Increased monitoring and preventative measures
18,Low,Routine monitoring
18,Medium,Increased monitoring and preventative measures
18,Low,Routine monitoring
18,Low,Routine monitoring
18,Medium,Increased monitoring and preventative measures
18,Medium,Increased monitoring and preventative measures
18,Low,Routine monitoring
18,Low,Routine monitoring
18,Medium,Increased monitoring and preventative measures
18,Low,Routine monitoring
18,Medium,Increased monitoring and preventative measures
18,Medium,Increased monitoring and preventative measures
18,Medium,Increased monitoring and preventative measures
18,Low,Routine monitoring
18,Medium,Increased monitoring and preventative measures
18,Medium,Increased monitoring and preventative measures
18,Low,Routine monitoring
18,Low,Routine monitoring
18,Medium,Increased monitoring and preventative measures
18,Medium,Increased monitoring and preventative measures
18,Medium,Increased monitoring and preventative measures
18,Medium,Increased monitoring and preventative measures
18,Low,Routine monitoring
18,Low,Routine monitoring
18,Medium,Increased monitoring and preventative measures
18,Low,Routine monitoring
18,Medium,Increased monitoring and preventative measures
18,Low,Routine monitoring
18,Low,Routine monitoring
18,Medium,Increased monitoring and preventative measures
18,Medium,Increased monitoring and preventative measures
18,Medium,Increased monitoring and preventative measures
18,Medium,Increased monitoring and preventative measures
18,Low,Routine monitoring
18,Low,Routine monitoring
18,Medium,Increased monitoring and preventative measures
18,Low,Routine monitoring
18,Medium,Increased monitoring and preventative measures
18,Low,Routine monitoring
18,Low,Routine monitoring
18,Medium,Increased monitoring and preventative measures
18,Low,Routine monitoring
18,Medium,Increased monitoring and preventative measures
18,Medium,Increased monitoring and preventative measures
18,Low,Routine monitoring
18,Medium,Increased monitoring and preventative measures
18,Medium,Increased monitoring and preventative measures
18,Medium,Increased monitoring and preventative measures
18,Medium,Increased monitoring and preventative measures
18,Low,Routine monitoring
18,Medium,Increased monitoring and preventative measures
18,Medium,Increased monitoring and preventative measures
18,Medium,Increased monitoring and preventative measures
18,Low,Routine monitoring
18,Medium,Increased monitoring and preventative measures
18,Low,Routine monitoring
18,Medium,Increased monitoring and preventative measures
18,Low,Routine monitoring
18,Low,Routine monitoring
18,Medium,Increased monitoring and preventative measures
18,Medium,Increased monitoring and preventative measures
18,Medium,Increased monitoring and preventative measures
18,Medium,Increased monitoring and preventative measures
18,Low,Routine monitoring
13,Medium,Increased monitoring and preventative measures
13,Low,Routine monitoring
13,Low,Routine monitoring
13,Medium,Increased monitoring and preventative measures
13,Low,Routine monitoring
13,Low,Routine monitoring
13,Low,Routine monitoring
13,Low,Routine monitoring
13,Low,Routine monitoring
13,Low,Routine monitoring
13,Low,Routine monitoring
13,Low,Routine monitoring
13,Low,Routine monitoring
13,Low,Routine monitoring
13,Low,Routine monitoring
13,Low,Routine monitoring
13,Low,Routine monitoring
13,Low,Routine monitoring
13,Low,Routine monitoring
13,Low,Routine monitoring
13,Low,Routine monitoring
13,Medium,Increased monitoring and preventative measures
13,Low,Routine monitoring
13,Low,Routine monitoring
13,Low,Routine monitoring
13,Low,Routine monitoring
13,Low,Routine monitoring
13,Low,Routine monitoring
13,Low,Routine monitoring
13,Low,Routine monitoring
13,Low,Routine monitoring
13,Low,Routine monitoring
13,Medium,Increased monitoring and preventative measures
13,Low,Routine monitoring
13,Low,Routine monitoring
13,Low,Routine monitoring
13,Low,Routine monitoring
13,Low,Routine monitoring
13,Medium,Increased monitoring and preventative measures
13,Low,Routine monitoring
13,Medium,Increased monitoring and preventative measures
13,Low,Routine monitoring
13,Medium,Increased monitoring and preventative measures
13,Low,Routine monitoring
13,Low,Routine monitoring
13,Medium,Increased monitoring and preventative measures
13,Low,Routine monitoring
13,Low,Routine monitoring
13,Low,Routine monitoring
13,Low,Routine monitoring
13,Low,Routine monitoring
13,Low,Routine monitoring
13,Medium,Increased monitoring and preventative measures
13,Medium,Increased monitoring and preventative measures
13,Medium,Increased monitoring and preventative measures
13,Low,Routine monitoring
13,Low,Routine monitoring
13,Medium,Increased monitoring and preventative measures
13,Low,Routine monitoring
13,Low,Routine monitoring
13,Low,Routine monitoring
13,Low,Routine monitoring
13,Low,Routine monitoring
13,Medium,Increased monitoring and preventative measures
13,Low,Routine monitoring
13,Low,Routine monitoring
13,Medium,Increased monitoring and preventative measures
13,Low,Routine monitoring
13,Low,Routine monitoring
13,Low,Routine monitoring
13,Low,Routine monitoring
13,Low,Routine monitoring
13,Low,Routine monitoring
13,Low,Routine monitoring
13,Medium,Increased monitoring and preventative measures
13,Low,Routine monitoring
13,Low,Routine monitoring
13,Low,Routine monitoring
13,Low,Routine monitoring
13,Low,Routine monitoring
13,Low,Routine monitoring
13,Low,Routine monitoring
13,Low,Routine monitoring
13,Medium,Increased monitoring and preventative measures
13,Low,Routine monitoring
13,Medium,Increased monitoring and preventative measures
13,Low,Routine monitoring
13,Low,Routine monitoring
13,Medium,Increased monitoring and preventative measures
13,Low,Routine monitoring
13,Medium,Increased monitoring and preventative measures
13,Low,Routine monitoring
13,Low,Routine monitoring
13,Low,Routine monitoring
13,Medium,Increased monitoring and preventative measures
13,Low,Routine monitoring
13,Medium,Increased monitoring and preventative measures
13,Low,Routine monitoring
13,Low,Routine monitoring
13,Low,Routine monitoring
14,Medium,Increased monitoring and preventative measures
14,Medium,Increased monitoring and preventative measures
14,Medium,Increased monitoring and preventative measures
14,Medium,Increased monitoring and preventative measures
14,Medium,Increased monitoring and preventative measures
14,Medium,Increased monitoring and preventative measures
14,Medium,Increased monitoring and preventative measures
14,Medium,Increased monitoring and preventative measures
14,Medium,Increased monitoring and preventative measures
14,Medium,Increased monitoring and preventative measures
14,Medium,Increased monitoring and preventative measures
14,Medium,Increased monitoring and preventative measures
14,Medium,Increased monitoring and preventative measures
14,Medium,Increased monitoring and preventative measures
14,Medium,Increased monitoring and preventative measures
14,Medium,Increased monitoring and preventative measures
14,Medium,Increased monitoring and preventative measures
14,Medium,Increased monitoring and preventative measures
14,Medium,Increased monitoring and preventative measures
14,Medium,Increased monitoring and preventative measures
14,Medium,Increased monitoring and preventative measures
14,Medium,Increased monitoring and preventative measures
14,Medium,Increased monitoring and preventative measures
14,Medium,Increased monitoring and preventative measures
14,Medium,Increased monitoring and preventative measures
14,Medium,Increased monitoring and preventative measures
14,Medium,Increased monitoring and preventative measures
14,Medium,Increased monitoring and preventative measures
14,Medium,Increased monitoring and preventative measures
14,Medium,Increased monitoring and preventative measures
14,Medium,Increased monitoring and preventative measures
14,Medium,Increased monitoring and preventative measures
14,Medium,Increased monitoring and preventative measures
14,Medium,Increased monitoring and preventative measures
14,Medium,Increased monitoring and preventative measures
14,Medium,Increased monitoring and preventative measures
14,Medium,Increased monitoring and preventative measures
14,Medium,Increased monitoring and preventative measures
14,Medium,Increased monitoring and preventative measures
14,Medium,Increased monitoring and preventative measures
14,Medium,Increased monitoring and preventative measures
14,Medium,Increased monitoring and preventative measures
14,Medium,Increased monitoring and preventative measures
14,Medium,Increased monitoring and preventative measures
14,Medium,Increased monitoring and preventative measures
14,Medium,Increased monitoring and preventative measures
14,Medium,Increased monitoring and preventative measures
14,Medium,Increased monitoring and preventative measures
14,Medium,Increased monitoring and preventative measures
14,Medium,Increased monitoring and preventative measures
14,Medium,Increased monitoring and preventative measures
14,Medium,Increased monitoring and preventative measures
14,Medium,Increased monitoring and preventative measures
14,Medium,Increased monitoring and preventative measures
14,Medium,Increased monitoring and preventative measures
14,Medium,Increased monitoring and preventative measures
14,Medium,Increased monitoring and preventative measures
14,Medium,Increased monitoring and preventative measures
14,Medium,Increased monitoring and preventative measures
14,Medium,Increased monitoring and preventative measures
14,Medium,Increased monitoring and preventative measures
14,Medium,Increased monitoring and preventative measures
14,Medium,Increased monitoring and preventative measures
14,Medium,Increased monitoring and preventative measures
14,Medium,Increased monitoring and preventative measures
14,Medium,Increased monitoring and preventative measures
14,Medium,Increased monitoring and preventative measures
14,Medium,Increased monitoring and preventative measures
14,Medium,Increased monitoring and preventative measures
14,Medium,Increased monitoring and preventative measures
14,Medium,Increased monitoring and preventative measures
14,Medium,Increased monitoring and preventative measures
14,Medium,Increased monitoring and preventative measures
14,Medium,Increased monitoring and preventative measures
14,Medium,Increased monitoring and preventative measures
14,Medium,Increased monitoring and preventative measures
14,Medium,Increased monitoring and preventative measures
14,Medium,Increased monitoring and preventative measures
14,Medium,Increased monitoring and preventative measures
14,Medium,Increased monitoring and preventative measures
14,Medium,Increased monitoring and preventative measures
14,Medium,Increased monitoring and preventative measures
14,Medium,Increased monitoring and preventative measures
14,Medium,Increased monitoring and preventative measures
14,Medium,Increased monitoring and preventative measures
14,Medium,Increased monitoring and preventative measures
14,Medium,Increased monitoring and preventative measures
14,Medium,Increased monitoring and preventative measures
14,Medium,Increased monitoring and preventative measures
14,Medium,Increased monitoring and preventative measures
14,Medium,Increased monitoring and preventative measures
14,Medium,Increased monitoring and preventative measures
14,Medium,Increased monitoring and preventative measures
14,Medium,Increased monitoring and preventative measures
14,Medium,Increased monitoring and preventative measures
14,Medium,Increased monitoring and preventative measures
14,Medium,Increased monitoring and preventative measures
14,Medium,Increased monitoring and preventative measures
14,Medium,Increased monitoring and preventative measures
14,Medium,Increased monitoring and preventative measures
2,Medium,Increased monitoring and preventative measures
2,Medium,Increased monitoring and preventative measures
2,Medium,Increased monitoring and preventative measures
2,Medium,Increased monitoring and preventative measures
2,Medium,Increased monitoring and preventative measures
2,Medium,Increased monitoring and preventative measures
2,Medium,Increased monitoring and preventative measures
2,Medium,Increased monitoring and preventative measures
2,Medium,Increased monitoring and preventative measures
2,Medium,Increased monitoring and preventative measures
2,Medium,Increased monitoring and preventative measures
2,Medium,Increased monitoring and preventative measures
2,Medium,Increased monitoring and preventative measures
2,Medium,Increased monitoring and preventative measures
2,Medium,Increased monitoring and preventative measures
2,Medium,Increased monitoring and preventative measures
2,Medium,Increased monitoring and preventative measures
2,Medium,Increased monitoring and preventative measures
2,Medium,Increased monitoring and preventative measures
2,Medium,Increased monitoring and preventative measures
2,Medium,Increased monitoring and preventative measures
2,Medium,Increased monitoring and preventative measures
2,Medium,Increased monitoring and preventative measures
2,Medium,Increased monitoring and preventative measures
2,Medium,Increased monitoring and preventative measures
2,Medium,Increased monitoring and preventative measures
2,Medium,Increased monitoring and preventative measures
2,Medium,Increased monitoring and preventative measures
2,Medium,Increased monitoring and preventative measures
2,Medium,Increased monitoring and preventative measures
2,Medium,Increased monitoring and preventative measures
2,Medium,Increased monitoring and preventative measures
2,Medium,Increased monitoring and preventative measures
2,Medium,Increased monitoring and preventative measures
2,Medium,Increased monitoring and preventative measures
2,Medium,Increased monitoring and preventative measures
2,Medium,Increased monitoring and preventative measures
2,Medium,Increased monitoring and preventative measures
2,Medium,Increased monitoring and preventative measures
2,Medium,Increased monitoring and preventative measures
2,Medium,Increased monitoring and preventative measures
2,Medium,Increased monitoring and preventative measures
2,Medium,Increased monitoring and preventative measures
2,Medium,Increased monitoring and preventative measures
2,Medium,Increased monitoring and preventative measures
2,Medium,Increased monitoring and preventative measures
2,Medium,Increased monitoring and preventative measures
2,Medium,Increased monitoring and preventative measures
2,Medium,Increased monitoring and preventative measures
2,Medium,Increased monitoring and preventative measures
2,Medium,Increased monitoring and preventative measures
2,Medium,Increased monitoring and preventative measures
2,Medium,Increased monitoring and preventative measures
2,Medium,Increased monitoring and preventative measures
2,Medium,Increased monitoring and preventative measures
2,Medium,Increased monitoring and preventative measures
2,Medium,Increased monitoring and preventative measures
2,Medium,Increased monitoring and preventative measures
2,Medium,Increased monitoring and preventative measures
2,Medium,Increased monitoring and preventative measures
2,Medium,Increased monitoring and preventative measures
2,Medium,Increased monitoring and preventative measures
2,Medium,Increased monitoring and preventative measures
2,Medium,Increased monitoring and preventative measures
2,Medium,Increased monitoring and preventative measures
2,Medium,Increased monitoring and preventative measures
2,Medium,Increased monitoring and preventative measures
2,Medium,Increased monitoring and preventative measures
2,Medium,Increased monitoring and preventative measures
2,Medium,Increased monitoring and preventative measures
2,Medium,Increased monitoring and preventative measures
2,Medium,Increased monitoring and preventative measures
2,Medium,Increased monitoring and preventative measures
2,Medium,Increased monitoring and preventative measures
2,Medium,Increased monitoring and preventative measures
2,Medium,Increased monitoring and preventative measures
2,Medium,Increased monitoring and preventative measures
2,Medium,Increased monitoring and preventative measures
2,Medium,Increased monitoring and preventative measures
2,Medium,Increased monitoring and preventative measures
2,Medium,Increased monitoring and preventative measures
2,Medium,Increased monitoring and preventative measures
2,Medium,Increased monitoring and preventative measures
2,Medium,Increased monitoring and preventative measures
2,Medium,Increased monitoring and preventative measures
2,Medium,Increased monitoring and preventative measures
2,Medium,Increased monitoring and preventative measures
2,Medium,Increased monitoring and preventative measures
2,Medium,Increased monitoring and preventative measures
2,Medium,Increased monitoring and preventative measures
2,Medium,Increased monitoring and preventative measures
2,Medium,Increased monitoring and preventative measures
2,Medium,Increased monitoring and preventative measures
2,Medium,Increased monitoring and preventative measures
2,Medium,Increased monitoring and preventative measures
2,Medium,Increased monitoring and preventative measures
2,Medium,Increased monitoring and preventative measures
2,Medium,Increased monitoring and preventative measures
2,Medium,Increased monitoring and preventative measures
2,Medium,Increased monitoring and preventative measures
10,Medium,Increased monitoring and preventative measures
10,Low,Routine monitoring
10,Medium,Increased monitoring and preventative measures
10,Low,Routine monitoring
10,Medium,Increased monitoring and preventative measures
10,Low,Routine monitoring
10,Medium,Increased monitoring and preventative measures
10,Medium,Increased monitoring and preventative measures
10,Low,Routine monitoring
10,Medium,Increased monitoring and preventative measures
10,Medium,Increased monitoring and preventative measures
10,Low,Routine monitoring
10,Medium,Increased monitoring and preventative measures
10,Medium,Increased monitoring and preventative measures
10,Low,Routine monitoring
10,Low,Routine monitoring
10,Low,Routine monitoring
10,Medium,Increased monitoring and preventative measures
10,Medium,Increased monitoring and preventative measures
10,Low,Routine monitoring
10,Medium,Increased monitoring and preventative measures
10,Low,Routine monitoring
10,Medium,Increased monitoring and preventative measures
10,Low,Routine monitoring
10,Medium,Increased monitoring and preventative measures
10,Medium,Increased monitoring and preventative measures
10,Low,Routine monitoring
10,Low,Routine monitoring
10,Medium,Increased monitoring and preventative measures
10,Medium,Increased monitoring and preventative measures
10,Low,Routine monitoring
10,Low,Routine monitoring
10,Low,Routine monitoring
10,Low,Routine monitoring
10,Medium,Increased monitoring and preventative measures
10,Medium,Increased monitoring and preventative measures
10,Medium,Increased monitoring and preventative measures
10,Medium,Increased monitoring and preventative measures
10,Medium,Increased monitoring and preventative measures
10,Medium,Increased monitoring and preventative measures
10,Low,Routine monitoring
10,Medium,Increased monitoring and preventative measures
10,Low,Routine monitoring
10,Low,Routine monitoring
10,Low,Routine monitoring
10,Low,Routine monitoring
10,Low,Routine monitoring
10,Medium,Increased monitoring and preventative measures
10,Medium,Increased monitoring and preventative measures
10,Medium,Increased monitoring and preventative measures
10,Low,Routine monitoring
10,Low,Routine monitoring
10,Low,Routine monitoring
10,Medium,Increased monitoring and preventative measures
10,Low,Routine monitoring
10,Low,Routine monitoring
10,Medium,Increased monitoring and preventative measures
10,Medium,Increased monitoring and preventative measures
10,Medium,Increased monitoring and preventative measures
10,Low,Routine monitoring
10,Low,Routine monitoring
10,Low,Routine monitoring
10,Low,Routine monitoring
10,Medium,Increased monitoring and preventative measures
10,Medium,Increased monitoring and preventative measures
10,Medium,Increased monitoring and preventative measures
10,Low,Routine monitoring
10,Medium,Increased monitoring and preventative measures
10,Low,Routine monitoring
10,Medium,Increased monitoring and preventative measures
10,Low,Routine monitoring
10,Low,Routine monitoring
10,Low,Routine monitoring
10,Low,Routine monitoring
10,Medium,Increased monitoring and preventative measures
10,Medium,Increased monitoring and preventative measures
10,Low,Routine monitoring
10,Medium,Increased monitoring and preventative measures
10,Low,Routine monitoring
10,Medium,Increased monitoring and preventative measures
10,Low,Routine monitoring
10,Medium,Increased monitoring and preventative measures
10,Medium,Increased monitoring and preventative measures
10,Medium,Increased monitoring and preventative measures
10,Medium,Increased monitoring and preventative measures
10,Low,Routine monitoring
10,Low,Routine monitoring
10,Low,Routine monitoring
10,Low,Routine monitoring
10,Low,Routine monitoring
10,Medium,Increased monitoring and preventative measures
10,Medium,Increased monitoring and preventative measures
10,Medium,Increased monitoring and preventative measures
10,Medium,Increased monitoring and preventative measures
10,Low,Routine monitoring
10,Low,Routine monitoring
10,Low,Routine monitoring
10,Medium,Increased monitoring and preventative measures
10,Low,Routine monitoring
10,Low,Routine monitoring
19,Low,Routine monitoring
19,Low,Routine monitoring
19,Low,Routine monitoring
19,Low,Routine monitoring
19,Low,Routine monitoring
19,Low,Routine monitoring
19,Low,Routine monitoring
19,Low,Routine monitoring
19,Low,Routine monitoring
19,Low,Routine monitoring
19,Low,Routine monitoring
19,Low,Routine monitoring
19,Low,Routine monitoring
19,Low,Routine monitoring
19,Low,Routine monitoring
19,Low,Routine monitoring
19,Low,Routine monitoring
19,Low,Routine monitoring
19,Low,Routine monitoring
19,Low,Routine monitoring
19,Low,Routine monitoring
19,Low,Routine monitoring
19,Low,Routine monitoring
19,Low,Routine monitoring
19,Low,Routine monitoring
19,Low,Routine monitoring
19,Low,Routine monitoring
19,Low,Routine monitoring
19,Low,Routine monitoring
19,Low,Routine monitoring
19,Low,Routine monitoring
19,Low,Routine monitoring
19,Low,Routine monitoring
19,Low,Routine monitoring
19,Low,Routine monitoring
19,Low,Routine monitoring
19,Low,Routine monitoring
19,Low,Routine monitoring
19,Low,Routine monitoring
19,Low,Routine monitoring
19,Low,Routine monitoring
19,Low,Routine monitoring
19,Low,Routine monitoring
19,Low,Routine monitoring
19,Low,Routine monitoring
19,Low,Routine monitoring
19,Low,Routine monitoring
19,Low,Routine monitoring
19,Low,Routine monitoring
19,Low,Routine monitoring
19,Low,Routine monitoring
19,Low,Routine monitoring
19,Low,Routine monitoring
19,Low,Routine monitoring
19,Low,Routine monitoring
19,Low,Routine monitoring
19,Low,Routine monitoring
19,Low,Routine monitoring
19,Low,Routine monitoring
19,Low,Routine monitoring
19,Low,Routine monitoring
19,Low,Routine monitoring
19,Low,Routine monitoring
19,Low,Routine monitoring
19,Low,Routine monitoring
19,Low,Routine monitoring
19,Low,Routine monitoring
19,Low,Routine monitoring
19,Low,Routine monitoring
19,Low,Routine monitoring
19,Low,Routine monitoring
19,Low,Routine monitoring
19,Low,Routine monitoring
19,Low,Routine monitoring
19,Low,Routine monitoring
19,Low,Routine monitoring
19,Low,Routine monitoring
19,Low,Routine monitoring
19,Low,Routine monitoring
19,Low,Routine monitoring
19,Low,Routine monitoring
19,Low,Routine monitoring
19,Low,Routine monitoring
19,Low,Routine monitoring
19,Low,Routine monitoring
19,Low,Routine monitoring
19,Low,Routine monitoring
19,Low,Routine monitoring
19,Low,Routine monitoring
19,Low,Routine monitoring
19,Low,Routine monitoring
19,Low,Routine monitoring
19,Low,Routine monitoring
19,Low,Routine monitoring
19,Low,Routine monitoring
19,Low,Routine monitoring
19,Low,Routine monitoring
19,Low,Routine monitoring
19,Low,Routine monitoring
19,Low,Routine monitoring
1,Medium,Increased monitoring and preventative measures
1,Medium,Increased monitoring and preventative measures
1,Medium,Increased monitoring and preventative measures
1,Medium,Increased monitoring and preventative measures
1,Medium,Increased monitoring and preventative measures
1,Medium,Increased monitoring and preventative measures
1,Medium,Increased monitoring and preventative measures
1,Medium,Increased monitoring and preventative measures
1,Medium,Increased monitoring and preventative measures
1,Medium,Increased monitoring and preventative measures
1,Medium,Increased monitoring and preventative measures
1,Medium,Increased monitoring and preventative measures
1,Medium,Increased monitoring and preventative measures
1,Medium,Increased monitoring and preventative measures
1,Medium,Increased monitoring and preventative measures
1,Medium,Increased monitoring and preventative measures
1,Medium,Increased monitoring and preventative measures
1,Medium,Increased monitoring and preventative measures
1,Medium,Increased monitoring and preventative measures
1,Medium,Increased monitoring and preventative measures
1,Medium,Increased monitoring and preventative measures
1,Medium,Increased monitoring and preventative measures
1,Medium,Increased monitoring and preventative measures
1,Medium,Increased monitoring and preventative measures
1,Medium,Increased monitoring and preventative measures
1,Medium,Increased monitoring and preventative measures
1,Medium,Increased monitoring and preventative measures
1,Medium,Increased monitoring and preventative measures
1,Medium,Increased monitoring and preventative measures
1,Medium,Increased monitoring and preventative measures
1,Medium,Increased monitoring and preventative measures
1,Medium,Increased monitoring and preventative measures
1,Medium,Increased monitoring and preventative measures
1,Medium,Increased monitoring and preventative measures
1,Medium,Increased monitoring and preventative measures
1,Medium,Increased monitoring and preventative measures
1,Medium,Increased monitoring and preventative measures
1,Medium,Increased monitoring and preventative measures
1,Medium,Increased monitoring and preventative measures
1,Medium,Increased monitoring and preventative measures
1,Medium,Increased monitoring and preventative measures
1,Medium,Increased monitoring and preventative measures
1,Medium,Increased monitoring and preventative measures
1,Medium,Increased monitoring and preventative measures
1,Medium,Increased monitoring and preventative measures
1,Medium,Increased monitoring and preventative measures
1,Medium,Increased monitoring and preventative measures
1,Medium,Increased monitoring and preventative measures
1,Medium,Increased monitoring and preventative measures
1,Medium,Increased monitoring and preventative measures
1,Medium,Increased monitoring and preventative measures
1,Medium,Increased monitoring and preventative measures
1,Medium,Increased monitoring and preventative measures
1,Medium,Increased monitoring and preventative measures
1,Medium,Increased monitoring and preventative measures
1,Medium,Increased monitoring and preventative measures
1,Medium,Increased monitoring and preventative measures
1,Medium,Increased monitoring and preventative measures
1,Medium,Increased monitoring and preventative measures
1,Medium,Increased monitoring and preventative measures
1,Medium,Increased monitoring and preventative measures
1,Medium,Increased monitoring and preventative measures
1,Medium,Increased monitoring and preventative measures
1,Medium,Increased monitoring and preventative measures
1,Medium,Increased monitoring and preventative measures
1,Medium,Increased monitoring and preventative measures
1,Medium,Increased monitoring and preventative measures
1,Medium,Increased monitoring and preventative measures
1,Medium,Increased monitoring and preventative measures
1,Medium,Increased monitoring and preventative measures
1,Medium,Increased monitoring and preventative measures
1,Medium,Increased monitoring and preventative measures
1,Medium,Increased monitoring and preventative measures
1,Medium,Increased monitoring and preventative measures
1,Medium,Increased monitoring and preventative measures
1,Medium,Increased monitoring and preventative measures
1,Medium,Increased monitoring and preventative measures
1,Medium,Increased monitoring and preventative measures
1,Medium,Increased monitoring and preventative measures
1,Medium,Increased monitoring and preventative measures
1,Medium,Increased monitoring and preventative measures
1,Medium,Increased monitoring and preventative measures
1,Medium,Increased monitoring and preventative measures
1,Medium,Increased monitoring and preventative measures
1,Medium,Increased monitoring and preventative measures
1,Medium,Increased monitoring and preventative measures
1,Medium,Increased monitoring and preventative measures
1,Medium,Increased monitoring and preventative measures
1,Medium,Increased monitoring and preventative measures
1,Medium,Increased monitoring and preventative measures
1,Medium,Increased monitoring and preventative measures
1,Medium,Increased monitoring and preventative measures
1,Medium,Increased monitoring and preventative measures
1,Medium,Increased monitoring and preventative measures
1,Medium,Increased monitoring and preventative measures
1,Medium,Increased monitoring and preventative measures
1,Medium,Increased monitoring and preventative measures
1,Medium,Increased monitoring and preventative measures
1,Medium,Increased monitoring and preventative measures
1,Medium,Increased monitoring and preventative measures
12,Low,Routine monitoring
12,Low,Routine monitoring
12,Low,Routine monitoring
12,Low,Routine monitoring
12,Low,Routine monitoring
12,Low,Routine monitoring
12,Low,Routine monitoring
12,Low,Routine monitoring
12,Low,Routine monitoring
12,Low,Routine monitoring
12,Low,Routine monitoring
12,Low,Routine monitoring
12,Low,Routine monitoring
12,Low,Routine monitoring
12,Low,Routine monitoring
12,Low,Routine monitoring
12,Low,Routine monitoring
12,Low,Routine monitoring
12,Low,Routine monitoring
12,Low,Routine monitoring
12,Low,Routine monitoring
12,Low,Routine monitoring
12,Low,Routine monitoring
12,Low,Routine monitoring
12,Low,Routine monitoring
12,Low,Routine monitoring
12,Low,Routine monitoring
12,Low,Routine monitoring
12,Low,Routine monitoring
12,Low,Routine monitoring
12,Low,Routine monitoring
12,Low,Routine monitoring
12,Low,Routine monitoring
12,Low,Routine monitoring
12,Low,Routine monitoring
12,Low,Routine monitoring
12,Low,Routine monitoring
12,Low,Routine monitoring
12,Low,Routine monitoring
12,Low,Routine monitoring
12,Low,Routine monitoring
12,Low,Routine monitoring
12,Low,Routine monitoring
12,Low,Routine monitoring
12,Low,Routine monitoring
12,Low,Routine monitoring
12,Low,Routine monitoring
12,Low,Routine monitoring
12,Low,Routine monitoring
12,Low,Routine monitoring
12,Low,Routine monitoring
12,Low,Routine monitoring
12,Low,Routine monitoring
12,Low,Routine monitoring
12,Low,Routine monitoring
12,Low,Routine monitoring
12,Low,Routine monitoring
12,Low,Routine monitoring
12,Low,Routine monitoring
12,Low,Routine monitoring
12,Low,Routine monitoring
12,Low,Routine monitoring
12,Low,Routine monitoring
12,Low,Routine monitoring
12,Low,Routine monitoring
12,Low,Routine monitoring
12,Low,Routine monitoring
12,Low,Routine monitoring
12,Low,Routine monitoring
12,Low,Routine monitoring
12,Low,Routine monitoring
12,Low,Routine monitoring
12,Low,Routine monitoring
12,Low,Routine monitoring
12,Low,Routine monitoring
12,Low,Routine monitoring
12,Low,Routine monitoring
12,Low,Routine monitoring
12,Low,Routine monitoring
12,Low,Routine monitoring
12,Low,Routine monitoring
12,Low,Routine monitoring
12,Low,Routine monitoring
12,Low,Routine monitoring
12,Low,Routine monitoring
12,Low,Routine monitoring
12,Low,Routine monitoring
12,Low,Routine monitoring
12,Low,Routine monitoring
12,Low,Routine monitoring
12,Low,Routine monitoring
12,Low,Routine monitoring
12,Low,Routine monitoring
12,Low,Routine monitoring
12,Low,Routine monitoring
12,Low,Routine monitoring
12,Low,Routine monitoring
12,Low,Routine monitoring
12,Low,Routine monitoring
12,Low,Routine monitoring
7,Medium,Increased monitoring and preventative measures
7,Medium,Increased monitoring and preventative measures
7,Medium,Increased monitoring and preventative measures
7,Medium,Increased monitoring and preventative measures
7,Low,Routine monitoring
7,Medium,Increased monitoring and preventative measures
7,Low,Routine monitoring
7,Low,Routine monitoring
7,Low,Routine monitoring
7,Medium,Increased monitoring and preventative measures
7,Medium,Increased monitoring and preventative measures
7,Medium,Monitor for stress-related pests/diseases
7,Medium,Increased monitoring and preventative measures
7,Low,Routine monitoring
7,Medium,Monitor for stress-related pests/diseases
7,Medium,Increased monitoring and preventative measures
7,Low,Routine monitoring
7,Low,Routine monitoring
7,Low,Routine monitoring
7,Medium,Increased monitoring and preventative measures
7,Medium,Increased monitoring and preventative measures
7,Low,Routine monitoring
7,Medium,Increased monitoring and preventative measures
7,Medium,Increased monitoring and preventative measures
7,Low,Routine monitoring
7,Low,Routine monitoring
7,Low,Routine monitoring
7,Low,Routine monitoring
7,Medium,Increased monitoring and preventative measures
7,Medium,Increased monitoring and preventative measures
7,Medium,Increased monitoring and preventative measures
7,Low,Routine monitoring
7,Medium,Increased monitoring and preventative measures
7,Low,Routine monitoring
7,Low,Routine monitoring
7,Low,Routine monitoring
7,Low,Routine monitoring
7,Medium,Increased monitoring and preventative measures
7,Medium,Increased monitoring and preventative measures
7,Low,Routine monitoring
7,Low,Routine monitoring
7,Medium,Increased monitoring and preventative measures
7,Low,Routine monitoring
7,Low,Routine monitoring
7,Medium,Increased monitoring and preventative measures
7,Medium,Increased monitoring and preventative measures
7,Medium,Increased monitoring and preventative measures
7,Medium,Increased monitoring and preventative measures
7,Medium,Increased monitoring and preventative measures
7,Low,Routine monitoring
7,Low,Routine monitoring
7,Medium,Increased monitoring and preventative measures
7,Low,Routine monitoring
7,Medium,Increased monitoring and preventative measures
7,Low,Routine monitoring
7,Low,Routine monitoring
7,Low,Routine monitoring
7,Low,Routine monitoring
7,Low,Routine monitoring
7,Medium,Increased monitoring and preventative measures
7,Medium,Increased monitoring and preventative measures
7,Low,Routine monitoring
7,Medium,Increased monitoring and preventative measures
7,Low,Routine monitoring
7,Low,Routine monitoring
7,Medium,Increased monitoring and preventative measures
7,Medium,Increased monitoring and preventative measures
7,Low,Routine monitoring
7,Medium,Increased monitoring and preventative measures
7,Medium,Increased monitoring and preventative measures
7,Low,Routine monitoring
7,Low,Routine monitoring
7,Low,Routine monitoring
7,Low,Routine monitoring
7,Medium,Increased monitoring and preventative measures
7,Medium,Increased monitoring and preventative measures
7,Low,Routine monitoring
7,Medium,Increased monitoring and preventative measures
7,Medium,Increased monitoring and preventative measures
7,Medium,Increased monitoring and preventative measures
7,Medium,Increased monitoring and preventative measures
7,Low,Routine monitoring
7,Low,Routine monitoring
7,Low,Routine monitoring
7,Low,Routine monitoring
7,Medium,Increased monitoring and preventative measures
7,Medium,Increased monitoring and preventative measures
7,Medium,Increased monitoring and preventative measures
7,Low,Routine monitoring
7,Low,Routine monitoring
7,Low,Routine monitoring
7,Medium,Monitor for stress-related pests/diseases
7,Medium,Increased monitoring and preventative measures
7,Medium,Monitor for stress-related pests/diseases
7,Low,Routine monitoring
7,Medium,Monitor for stress-related pests/diseases
7,Low,Routine monitoring
7,Medium,Increased monitoring and preventative measures
7,Low,Routine monitoring
7,Medium,Monitor for stress-related pests/diseases
21,Medium,Increased monitoring and preventative measures
21,Medium,Increased monitoring and preventative measures
21,Medium,Increased monitoring and preventative measures
21,Low,Routine monitoring
21,Medium,Increased monitoring and preventative measures
21,Low,Routine monitoring
21,Medium,Increased monitoring and preventative measures
21,Medium,Increased monitoring and preventative measures
21,Medium,Increased monitoring and preventative measures
21,Low,Routine monitoring
21,Medium,Increased monitoring and preventative measures
21,Low,Routine monitoring
21,Medium,Increased monitoring and preventative measures
21,Medium,Increased monitoring and preventative measures
21,Medium,Increased monitoring and preventative measures
21,Medium,Increased monitoring and preventative measures
21,Medium,Increased monitoring and preventative measures
21,Low,Routine monitoring
21,Medium,Increased monitoring and preventative measures
21,Medium,Increased monitoring and preventative measures
21,Medium,Increased monitoring and preventative measures
21,Low,Routine monitoring
21,Medium,Increased monitoring and preventative measures
21,Medium,Increased monitoring and preventative measures
21,Medium,Increased monitoring and preventative measures
21,Medium,Increased monitoring and preventative measures
21,Low,Routine monitoring
21,Medium,Increased monitoring and preventative measures
21,Low,Routine monitoring
21,Low,Routine monitoring
21,Low,Routine monitoring
21,Medium,Increased monitoring and preventative measures
21,Low,Routine monitoring
21,Low,Routine monitoring
21,Medium,Increased monitoring and preventative measures
21,Medium,Increased monitoring and preventative measures
21,Medium,Increased monitoring and preventative measures
21,Medium,Increased monitoring and preventative measures
21,Medium,Increased monitoring and preventative measures
21,Medium,Increased monitoring and preventative measures
21,Medium,Increased monitoring and preventative measures
21,Medium,Increased monitoring and preventative measures
21,Medium,Increased monitoring and preventative measures
21,Medium,Increased monitoring and preventative measures
21,Low,Routine monitoring
21,Low,Routine monitoring
21,Medium,Increased monitoring and preventative measures
21,Medium,Increased monitoring and preventative measures
21,Medium,Increased monitoring and preventative measures
21,Medium,Increased monitoring and preventative measures
21,Medium,Increased monitoring and preventative measures
21,Low,Routine monitoring
21,Medium,Increased monitoring and preventative measures
21,Medium,Increased monitoring and preventative measures
21,Low,Routine monitoring
21,Low,Routine monitoring
21,Low,Routine monitoring
21,Medium,Increased monitoring and preventative measures
21,Medium,Increased monitoring and preventative measures
21,Low,Routine monitoring
21,Medium,Increased monitoring and preventative measures
21,Low,Routine monitoring
21,Medium,Increased monitoring and preventative measures
21,Medium,Increased monitoring and preventative measures
21,Low,Routine monitoring
21,Low,Routine monitoring
21,Low,Routine monitoring
21,Low,Routine monitoring
21,Low,Routine monitoring
21,Medium,Increased monitoring and preventative measures
21,Medium,Increased monitoring and preventative measures
21,Low,Routine monitoring
21,Low,Routine monitoring
21,Medium,Increased monitoring and preventative measures
21,Medium,Increased monitoring and preventative measures
21,Medium,Increased monitoring and preventative measures
21,Medium,Increased monitoring and preventative measures
21,Medium,Increased monitoring and preventative measures
21,Medium,Increased monitoring and preventative measures
21,Medium,Increased monitoring and preventative measures
21,Medium,Increased monitoring and preventative measures
21,Low,Routine monitoring
21,Medium,Increased monitoring and preventative measures
21,Medium,Increased monitoring and preventative measures
21,Medium,Increased monitoring and preventative measures
21,Medium,Increased monitoring and preventative measures
21,Medium,Increased monitoring and preventative measures
21,Medium,Increased monitoring and preventative measures
21,Medium,Increased monitoring and preventative measures
21,Medium,Increased monitoring and preventative measures
21,Low,Routine monitoring
21,Low,Routine monitoring
21,Medium,Increased monitoring and preventative measures
21,Medium,Increased monitoring and preventative measures
21,Medium,Increased monitoring and preventative measures
21,Medium,Increased monitoring and preventative measures
21,Medium,Increased monitoring and preventative measures
21,Medium,Increased monitoring and preventative measures
21,Medium,Increased monitoring and preventative measures
21,Medium,Increased monitoring and preventative measures
15,Medium,Increased monitoring and preventative measures
15,Medium,Increased monitoring and preventative measures
15,Medium,Increased monitoring and preventative measures
15,Medium,Increased monitoring and preventative measures
15,Medium,Increased monitoring and preventative measures
15,Medium,Increased monitoring and preventative measures
15,Medium,Increased monitoring and preventative measures
15,Medium,Increased monitoring and preventative measures
15,Medium,Increased monitoring and preventative measures
15,Medium,Increased monitoring and preventative measures
15,Medium,Increased monitoring and preventative measures
15,Medium,Increased monitoring and preventative measures
15,Medium,Increased monitoring and preventative measures
15,Medium,Increased monitoring and preventative measures
15,Medium,Increased monitoring and preventative measures
15,Medium,Increased monitoring and preventative measures
15,Medium,Increased monitoring and preventative measures
15,Medium,Increased monitoring and preventative measures
15,Medium,Increased monitoring and preventative measures
15,Medium,Increased monitoring and preventative measures
15,Medium,Increased monitoring and preventative measures
15,Medium,Increased monitoring and preventative measures
15,Medium,Increased monitoring and preventative measures
15,Medium,Increased monitoring and preventative measures
15,Medium,Increased monitoring and preventative measures
15,Medium,Increased monitoring and preventative measures
15,Medium,Increased monitoring and preventative measures
15,Medium,Increased monitoring and preventative measures
15,Medium,Increased monitoring and preventative measures
15,Medium,Increased monitoring and preventative measures
15,Medium,Increased monitoring and preventative measures
15,Medium,Increased monitoring and preventative measures
15,Medium,Increased monitoring and preventative measures
15,Medium,Increased monitoring and preventative measures
15,Medium,Increased monitoring and preventative measures
15,Medium,Increased monitoring and preventative measures
15,Medium,Increased monitoring and preventative measures
15,Medium,Increased monitoring and preventative measures
15,Medium,Increased monitoring and preventative measures
15,Medium,Increased monitoring and preventative measures
15,Medium,Increased monitoring and preventative measures
15,Medium,Increased monitoring and preventative measures
15,Medium,Increased monitoring and preventative measures
15,Medium,Increased monitoring and preventative measures
15,Medium,Increased monitoring and preventative measures
15,Medium,Increased monitoring and preventative measures
15,Medium,Increased monitoring and preventative measures
15,Medium,Increased monitoring and preventative measures
15,Medium,Increased monitoring and preventative measures
15,Medium,Increased monitoring and preventative measures
15,Medium,Increased monitoring and preventative measures
15,Medium,Increased monitoring and preventative measures
15,Medium,Increased monitoring and preventative measures
15,Medium,Increased monitoring and preventative measures
15,Medium,Increased monitoring and preventative measures
15,Medium,Increased monitoring and preventative measures
15,Medium,Increased monitoring and preventative measures
15,Medium,Increased monitoring and preventative measures
15,Medium,Increased monitoring and preventative measures
15,Medium,Increased monitoring and preventative measures
15,Medium,Increased monitoring and preventative measures
15,Medium,Increased monitoring and preventative measures
15,Medium,Increased monitoring and preventative measures
15,Medium,Increased monitoring and preventative measures
15,Medium,Increased monitoring and preventative measures
15,Medium,Increased monitoring and preventative measures
15,Medium,Increased monitoring and preventative measures
15,Medium,Increased monitoring and preventative measures
15,Medium,Increased monitoring and preventative measures
15,Medium,Increased monitoring and preventative measures
15,Medium,Increased monitoring and preventative measures
15,Medium,Increased monitoring and preventative measures
15,Medium,Increased monitoring and preventative measures
15,Medium,Increased monitoring and preventative measures
15,Medium,Increased monitoring and preventative measures
15,Medium,Increased monitoring and preventative measures
15,Medium,Increased monitoring and preventative measures
15,Medium,Increased monitoring and preventative measures
15,Medium,Increased monitoring and preventative measures
15,Medium,Increased monitoring and preventative measures
15,Medium,Increased monitoring and preventative measures
15,Medium,Increased monitoring and preventative measures
15,Medium,Increased monitoring and preventative measures
15,Medium,Increased monitoring and preventative measures
15,Medium,Increased monitoring and preventative measures
15,Medium,Increased monitoring and preventative measures
15,Medium,Increased monitoring and preventative measures
15,Medium,Increased monitoring and preventative measures
15,Medium,Increased monitoring and preventative measures
15,Medium,Increased monitoring and preventative measures
15,Medium,Increased monitoring and preventative measures
15,Medium,Increased monitoring and preventative measures
15,Medium,Increased monitoring and preventative measures
15,Medium,Increased monitoring and preventative measures
15,Medium,Increased monitoring and preventative measures
15,Medium,Increased monitoring and preventative measures
15,Medium,Increased monitoring and preventative measures
15,Medium,Increased monitoring and preventative measures
15,Medium,Increased monitoring and preventative measures
15,Medium,Increased monitoring and preventative measures
0,Low,Routine monitoring
0,Low,Routine monitoring
0,Low,Routine monitoring
0,Low,Routine monitoring
0,Low,Routine monitoring
0,Low,Routine monitoring
0,Low,Routine monitoring
0,Low,Routine monitoring
0,Low,Routine monitoring
0,Low,Routine monitoring
0,Low,Routine monitoring
0,Low,Routine monitoring
0,Low,Routine monitoring
0,Low,Routine monitoring
0,Low,Routine monitoring
0,Low,Routine monitoring
0,Low,Routine monitoring
0,Low,Routine monitoring
0,Low,Routine monitoring
0,Low,Routine monitoring
0,Low,Routine monitoring
0,Low,Routine monitoring
0,Low,Routine monitoring
0,Low,Routine monitoring
0,Low,Routine monitoring
0,Low,Routine monitoring
0,Low,Routine monitoring
0,Low,Routine monitoring
0,Low,Routine monitoring
0,Low,Routine monitoring
0,Low,Routine monitoring
0,Low,Routine monitoring
0,Low,Routine monitoring
0,Low,Routine monitoring
0,Low,Routine monitoring
0,Low,Routine monitoring
0,Low,Routine monitoring
0,Low,Routine monitoring
0,Low,Routine monitoring
0,Low,Routine monitoring
0,Low,Routine monitoring
0,Low,Routine monitoring
0,Low,Routine monitoring
0,Low,Routine monitoring
0,Low,Routine monitoring
0,Low,Routine monitoring
0,Low,Routine monitoring
0,Low,Routine monitoring
0,Low,Routine monitoring
0,Low,Routine monitoring
0,Low,Routine monitoring
0,Low,Routine monitoring
0,Low,Routine monitoring
0,Low,Routine monitoring
0,Low,Routine monitoring
0,Low,Routine monitoring
0,Low,Routine monitoring
0,Low,Routine monitoring
0,Low,Routine monitoring
0,Low,Routine monitoring
0,Low,Routine monitoring
0,Low,Routine monitoring
0,Low,Routine monitoring
0,Low,Routine monitoring
0,Low,Routine monitoring
0,Low,Routine monitoring
0,Low,Routine monitoring
0,Low,Routine monitoring
0,Low,Routine monitoring
0,Low,Routine monitoring
0,Low,Routine monitoring
0,Low,Routine monitoring
0,Low,Routine monitoring
0,Low,Routine monitoring
0,Low,Routine monitoring
0,Low,Routine monitoring
0,Low,Routine monitoring
0,Low,Routine monitoring
0,Low,Routine monitoring
0,Low,Routine monitoring
0,Low,Routine monitoring
0,Low,Routine monitoring
0,Low,Routine monitoring
0,Low,Routine monitoring
0,Low,Routine monitoring
0,Low,Routine monitoring
0,Low,Routine monitoring
0,Low,Routine monitoring
0,Low,Routine monitoring
0,Low,Routine monitoring
0,Low,Routine monitoring
0,Low,Routine monitoring
0,Low,Routine monitoring
0,Low,Routine monitoring
0,Low,Routine monitoring
0,Low,Routine monitoring
0,Low,Routine monitoring
0,Low,Routine monitoring
0,Low,Routine monitoring
0,Low,Routine monitoring
16,Low,Routine monitoring
16,Medium,Increased monitoring and preventative measures
16,Low,Routine monitoring
16,Low,Routine monitoring
16,Medium,Increased monitoring and preventative measures
16,Medium,Increased monitoring and preventative measures
16,Medium,Increased monitoring and preventative measures
16,Medium,Increased monitoring and preventative measures
16,Medium,Increased monitoring and preventative measures
16,Low,Routine monitoring
16,Low,Routine monitoring
16,Medium,Increased monitoring and preventative measures
16,Medium,Increased monitoring and preventative measures
16,Low,Routine monitoring
16,Medium,Increased monitoring and preventative measures
16,Low,Routine monitoring
16,Medium,Increased monitoring and preventative measures
16,Low,Routine monitoring
16,Low,Routine monitoring
16,Low,Routine monitoring
16,Low,Routine monitoring
16,Low,Routine monitoring
16,Medium,Increased monitoring and preventative measures
16,Low,Routine monitoring
16,Low,Routine monitoring
16,Medium,Increased monitoring and preventative measures
16,Low,Routine monitoring
16,Low,Routine monitoring
16,Low,Routine monitoring
16,Medium,Increased monitoring and preventative measures
16,Medium,Increased monitoring and preventative measures
16,Medium,Increased monitoring and preventative measures
16,Low,Routine monitoring
16,Low,Routine monitoring
16,Low,Routine monitoring
16,Low,Routine monitoring
16,Medium,Increased monitoring and preventative measures
16,Low,Routine monitoring
16,Low,Routine monitoring
16,Low,Routine monitoring
16,Low,Routine monitoring
16,Low,Routine monitoring
16,Low,Routine monitoring
16,Low,Routine monitoring
16,Medium,Increased monitoring and preventative measures
16,Low,Routine monitoring
16,Low,Routine monitoring
16,Low,Routine monitoring
16,Medium,Increased monitoring and preventative measures
16,Low,Routine monitoring
16,Low,Routine monitoring
16,Medium,Increased monitoring and preventative measures
16,Low,Routine monitoring
16,Low,Routine monitoring
16,Low,Routine monitoring
16,Low,Routine monitoring
16,Low,Routine monitoring
16,Low,Routine monitoring
16,Medium,Increased monitoring and preventative measures
16,Medium,Increased monitoring and preventative measures
16,Low,Routine monitoring
16,Medium,Increased monitoring and preventative measures
16,Low,Routine monitoring
16,Low,Routine monitoring
16,Low,Routine monitoring
16,Low,Routine monitoring
16,Medium,Increased monitoring and preventative measures
16,Low,Routine monitoring
16,Medium,Increased monitoring and preventative measures
16,Medium,Increased monitoring and preventative measures
16,Low,Routine monitoring
16,Low,Routine monitoring
16,Low,Routine monitoring
16,Low,Routine monitoring
16,Medium,Increased monitoring and preventative measures
16,Medium,Increased monitoring and preventative measures
16,Low,Routine monitoring
16,Low,Routine monitoring
16,Low,Routine monitoring
16,Low,Routine monitoring
16,Low,Routine monitoring
16,Medium,Increased monitoring and preventative measures
16,Medium,Increased monitoring and preventative measures
16,Medium,Increased monitoring and preventative measures
16,Low,Routine monitoring
16,Low,Routine monitoring
16,Low,Routine monitoring
16,Medium,Increased monitoring and preventative measures
16,Medium,Increased monitoring and preventative measures
16,Medium,Increased monitoring and preventative measures
16,Medium,Increased monitoring and preventative measures
16,Low,Routine monitoring
16,Low,Routine monitoring
16,Medium,Increased monitoring and preventative measures
16,Medium,Increased monitoring and preventative measures
16,Medium,Increased monitoring and preventative measures
16,Medium,Increased monitoring and preventative measures
16,Medium,Increased monitoring and preventative measures
16,Low,Routine monitoring
16,Low,Routine monitoring
17,Medium,Increased monitoring and preventative measures
17,Medium,Increased monitoring and preventative measures
17,Medium,Increased monitoring and preventative measures
17,Medium,Increased monitoring and preventative measures
17,Medium,Increased monitoring and preventative measures
17,Medium,Increased monitoring and preventative measures
17,Medium,Increased monitoring and preventative measures
17,Medium,Increased monitoring and preventative measures
17,Medium,Increased monitoring and preventative measures
17,Medium,Increased monitoring and preventative measures
17,Medium,Increased monitoring and preventative measures
17,Medium,Increased monitoring and preventative measures
17,Medium,Increased monitoring and preventative measures
17,Medium,Increased monitoring and preventative measures
17,Medium,Increased monitoring and preventative measures
17,Medium,Increased monitoring and preventative measures
17,Medium,Increased monitoring and preventative measures
17,Medium,Increased monitoring and preventative measures
17,Medium,Increased monitoring and preventative measures
17,Medium,Increased monitoring and preventative measures
17,Medium,Increased monitoring and preventative measures
17,Medium,Increased monitoring and preventative measures
17,Medium,Increased monitoring and preventative measures
17,Medium,Increased monitoring and preventative measures
17,Medium,Increased monitoring and preventative measures
17,Medium,Increased monitoring and preventative measures
17,Medium,Increased monitoring and preventative measures
17,Medium,Increased monitoring and preventative measures
17,Medium,Increased monitoring and preventative measures
17,Medium,Increased monitoring and preventative measures
17,Medium,Increased monitoring and preventative measures
17,Medium,Increased monitoring and preventative measures
17,Medium,Increased monitoring and preventative measures
17,Medium,Increased monitoring and preventative measures
17,Medium,Increased monitoring and preventative measures
17,Medium,Increased monitoring and preventative measures
17,Medium,Increased monitoring and preventative measures
17,Medium,Increased monitoring and preventative measures
17,Medium,Increased monitoring and preventative measures
17,Medium,Increased monitoring and preventative measures
17,Medium,Increased monitoring and preventative measures
17,Medium,Increased monitoring and preventative measures
17,Medium,Increased monitoring and preventative measures
17,Medium,Increased monitoring and preventative measures
17,Medium,Increased monitoring and preventative measures
17,Medium,Increased monitoring and preventative measures
17,Medium,Increased monitoring and preventative measures
17,Medium,Increased monitoring and preventative measures
17,Medium,Increased monitoring and preventative measures
17,Medium,Increased monitoring and preventative measures
17,Medium,Increased monitoring and preventative measures
17,Medium,Increased monitoring and preventative measures
17,Medium,Increased monitoring and preventative measures
17,Medium,Increased monitoring and preventative measures
17,Medium,Increased monitoring and preventative measures
17,Low,Routine monitoring
17,Medium,Increased monitoring and preventative measures
17,Medium,Increased monitoring and preventative measures
17,Medium,Increased monitoring and preventative measures
17,Medium,Increased monitoring and preventative measures
17,Low,Routine monitoring
17,Medium,Increased monitoring and preventative measures
17,Medium,Increased monitoring and preventative measures
17,Medium,Increased monitoring and preventative measures
17,Medium,Increased monitoring and preventative measures
17,Medium,Increased monitoring and preventative measures
17,Medium,Increased monitoring and preventative measures
17,Medium,Increased monitoring and preventative measures
17,Low,Routine monitoring
17,Medium,Increased monitoring and preventative measures
17,Medium,Increased monitoring and preventative measures
17,Medium,Increased monitoring and preventative measures
17,Medium,Increased monitoring and preventative measures
17,Medium,Increased monitoring and preventative measures
17,Medium,Increased monitoring and preventative measures
17,Medium,Increased monitoring and preventative measures
17,Medium,Increased monitoring and preventative measures
17,Medium,Increased monitoring and preventative measures
17,Medium,Increased monitoring and preventative measures
17,Medium,Increased monitoring and preventative measures
17,Medium,Increased monitoring and preventative measures
17,Medium,Increased monitoring and preventative measures
17,Medium,Increased monitoring and preventative measures
17,Medium,Increased monitoring and preventative measures
17,Medium,Increased monitoring and preventative measures
17,Medium,Increased monitoring and preventative measures
17,Medium,Increased monitoring and preventative measures
17,Medium,Increased monitoring and preventative measures
17,Medium,Increased monitoring and preventative measures
17,Medium,Increased monitoring and preventative measures
17,Low,Routine monitoring
17,Medium,Increased monitoring and preventative measures
17,Medium,Increased monitoring and preventative measures
17,Medium,Increased monitoring and preventative measures
17,Medium,Increased monitoring and preventative measures
17,Medium,Increased monitoring and preventative measures
17,Medium,Increased monitoring and preventative measures
17,Medium,Increased monitoring and preventative measures
17,Medium,Increased monitoring and preventative measures
17,Medium,Increased monitoring and preventative measures
4,Medium,Increased monitoring and preventative measures
4,Medium,Increased monitoring and preventative measures
4,Medium,Increased monitoring and preventative measures
4,Medium,Increased monitoring and preventative measures
4,Medium,Increased monitoring and preventative measures
4,Medium,Increased monitoring and preventative measures
4,Medium,Increased monitoring and preventative measures
4,Medium,Increased monitoring and preventative measures
4,Medium,Increased monitoring and preventative measures
4,Medium,Increased monitoring and preventative measures
4,Medium,Increased monitoring and preventative measures
4,Medium,Increased monitoring and preventative measures
4,Medium,Increased monitoring and preventative measures
4,Medium,Increased monitoring and preventative measures
4,Medium,Increased monitoring and preventative measures
4,Medium,Increased monitoring and preventative measures
4,Medium,Increased monitoring and preventative measures
4,Medium,Increased monitoring and preventative measures
4,Medium,Increased monitoring and preventative measures
4,Medium,Increased monitoring and preventative measures
4,Medium,Increased monitoring and preventative measures
4,Medium,Increased monitoring and preventative measures
4,Medium,Increased monitoring and preventative measures
4,Medium,Increased monitoring and preventative measures
4,Medium,Increased monitoring and preventative measures
4,Medium,Increased monitoring and preventative measures
4,Medium,Increased monitoring and preventative measures
4,Medium,Increased monitoring and preventative measures
4,Medium,Increased monitoring and preventative measures
4,Medium,Increased monitoring and preventative measures
4,Medium,Increased monitoring and preventative measures
4,Medium,Increased monitoring and preventative measures
4,Medium,Increased monitoring and preventative measures
4,Medium,Increased monitoring and preventative measures
4,Medium,Increased monitoring and preventative measures
4,Medium,Increased monitoring and preventative measures
4,Medium,Increased monitoring and preventative measures
4,Medium,Increased monitoring and preventative measures
4,Medium,Increased monitoring and preventative measures
4,Medium,Increased monitoring and preventative measures
4,Medium,Increased monitoring and preventative measures
4,Medium,Increased monitoring and preventative measures
4,Medium,Increased monitoring and preventative measures
4,Medium,Increased monitoring and preventative measures
4,Medium,Increased monitoring and preventative measures
4,Medium,Increased monitoring and preventative measures
4,Medium,Increased monitoring and preventative measures
4,Medium,Increased monitoring and preventative measures
4,Medium,Increased monitoring and preventative measures
4,Medium,Increased monitoring and preventative measures
4,Medium,Increased monitoring and preventative measures
4,Medium,Increased monitoring and preventative measures
4,Medium,Increased monitoring and preventative measures
4,Medium,Increased monitoring and preventative measures
4,Medium,Increased monitoring and preventative measures
4,Medium,Increased monitoring and preventative measures
4,Medium,Increased monitoring and preventative measures
4,Medium,Increased monitoring and preventative measures
4,Medium,Increased monitoring and preventative measures
4,Medium,Increased monitoring and preventative measures
4,Medium,Increased monitoring and preventative measures
4,Medium,Increased monitoring and preventative measures
4,Medium,Increased monitoring and preventative measures
4,Medium,Increased monitoring and preventative measures
4,Medium,Increased monitoring and preventative measures
4,Medium,Increased monitoring and preventative measures
4,Medium,Increased monitoring and preventative measures
4,Medium,Increased monitoring and preventative measures
4,Medium,Increased monitoring and preventative measures
4,Medium,Increased monitoring and preventative measures
4,Medium,Increased monitoring and preventative measures
4,Medium,Increased monitoring and preventative measures
4,Medium,Increased monitoring and preventative measures
4,Medium,Increased monitoring and preventative measures
4,Medium,Increased monitoring and preventative measures
4,Medium,Increased monitoring and preventative measures
4,Medium,Increased monitoring and preventative measures
4,Medium,Increased monitoring and preventative measures
4,Medium,Increased monitoring and preventative measures
4,Medium,Increased monitoring and preventative measures
4,Medium,Increased monitoring and preventative measures
4,Medium,Increased monitoring and preventative measures
4,Medium,Increased monitoring and preventative measures
4,Medium,Increased monitoring and preventative measures
4,Medium,Increased monitoring and preventative measures
4,Medium,Increased monitoring and preventative measures
4,Medium,Increased monitoring and preventative measures
4,Medium,Increased monitoring and preventative measures
4,Medium,Increased monitoring and preventative measures
4,Medium,Increased monitoring and preventative measures
4,Medium,Increased monitoring and preventative measures
4,Medium,Increased monitoring and preventative measures
4,Medium,Increased monitoring and preventative measures
4,Medium,Increased monitoring and preventative measures
4,Medium,Increased monitoring and preventative measures
4,Medium,Increased monitoring and preventative measures
4,Medium,Increased monitoring and preventative measures
4,Medium,Increased monitoring and preventative measures
4,Medium,Increased monitoring and preventative measures
4,Medium,Increased monitoring and preventative measures
6,Low,Routine monitoring
6,Low,Routine monitoring
6,Low,Routine monitoring
6,Low,Routine monitoring
6,Medium,Increased monitoring and preventative measures
6,Low,Routine monitoring
6,Medium,Increased monitoring and preventative measures
6,Low,Routine monitoring
6,Low,Routine monitoring
6,Low,Routine monitoring
6,Low,Routine monitoring
6,Low,Routine monitoring
6,Low,Routine monitoring
6,Low,Routine monitoring
6,Low,Routine monitoring
6,Low,Routine monitoring
6,Low,Routine monitoring
6,Low,Routine monitoring
6,Medium,Increased monitoring and preventative measures
6,Medium,Increased monitoring and preventative measures
6,Low,Routine monitoring
6,Medium,Increased monitoring and preventative measures
6,Low,Routine monitoring
6,Low,Routine monitoring
6,Medium,Increased monitoring and preventative measures
6,Low,Routine monitoring
6,Low,Routine monitoring
6,Medium,Increased monitoring and preventative measures
6,Medium,Increased monitoring and preventative measures
6,Low,Routine monitoring
6,Low,Routine monitoring
6,Low,Routine monitoring
6,Low,Routine monitoring
6,Medium,Increased monitoring and preventative measures
6,Low,Routine monitoring
6,Medium,Increased monitoring and preventative measures
6,Low,Routine monitoring
6,Low,Routine monitoring
6,Low,Routine monitoring
6,Low,Routine monitoring
6,Low,Routine monitoring
6,Low,Routine monitoring
6,Low,Routine monitoring
6,Medium,Increased monitoring and preventative measures
6,Low,Routine monitoring
6,Low,Routine monitoring
6,Low,Routine monitoring
6,Low,Routine monitoring
6,Low,Routine monitoring
6,Medium,Increased monitoring and preventative measures
6,Low,Routine monitoring
6,Low,Routine monitoring
6,Low,Routine monitoring
6,Medium,Increased monitoring and preventative measures
6,Low,Routine monitoring
6,Low,Routine monitoring
6,Low,Routine monitoring
6,Low,Routine monitoring
6,Low,Routine monitoring
6,Medium,Increased monitoring and preventative measures
6,Medium,Increased monitoring and preventative measures
6,Low,Routine monitoring
6,Medium,Increased monitoring and preventative measures
6,Medium,Increased monitoring and preventative measures
6,Low,Routine monitoring
6,Medium,Increased monitoring and preventative measures
6,Low,Routine monitoring
6,Low,Routine monitoring
6,Medium,Increased monitoring and preventative measures
6,Low,Routine monitoring
6,Low,Routine monitoring
6,Medium,Increased monitoring and preventative measures
6,Low,Routine monitoring
6,Low,Routine monitoring
6,Low,Routine monitoring
6,Low,Routine monitoring
6,Medium,Increased monitoring and preventative measures
6,Medium,Increased monitoring and preventative measures
6,Medium,Increased monitoring and preventative measures
6,Low,Routine monitoring
6,Low,Routine monitoring
6,Low,Routine monitoring
6,Low,Routine monitoring
6,Low,Routine monitoring
6,Low,Routine monitoring
6,Medium,Increased monitoring and preventative measures
6,Low,Routine monitoring
6,Low,Routine monitoring
6,Medium,Increased monitoring and preventative measures
6,Low,Routine monitoring
6,Low,Routine monitoring
6,Low,Routine monitoring
6,Low,Routine monitoring
6,Low,Routine monitoring
6,Low,Routine monitoring
6,Low,Routine monitoring
6,Low,Routine monitoring
6,Low,Routine monitoring
6,Low,Routine monitoring
6,Low,Routine monitoring
8,Medium,Increased monitoring and preventative measures
8,Medium,Increased monitoring and preventative measures
8,Medium,Increased monitoring and preventative measures
8,Medium,Increased monitoring and preventative measures
8,Medium,Increased monitoring and preventative measures
8,Medium,Increased monitoring and preventative measures
8,Medium,Increased monitoring and preventative measures
8,Medium,Increased monitoring and preventative measures
8,Medium,Increased monitoring and preventative measures
8,Medium,Increased monitoring and preventative measures
8,Medium,Increased monitoring and preventative measures
8,Medium,Increased monitoring and preventative measures
8,Medium,Increased monitoring and preventative measures
8,Medium,Increased monitoring and preventative measures
8,Medium,Increased monitoring and preventative measures
8,Medium,Increased monitoring and preventative measures
8,Medium,Increased monitoring and preventative measures
8,Medium,Increased monitoring and preventative measures
8,Medium,Increased monitoring and preventative measures
8,Medium,Increased monitoring and preventative measures
8,Medium,Increased monitoring and preventative measures
8,Medium,Increased monitoring and preventative measures
8,Medium,Increased monitoring and preventative measures
8,Medium,Increased monitoring and preventative measures
8,Medium,Increased monitoring and preventative measures
8,Medium,Increased monitoring and preventative measures
8,Medium,Increased monitoring and preventative measures
8,Medium,Increased monitoring and preventative measures
8,Medium,Increased monitoring and preventative measures
8,Medium,Increased monitoring and preventative measures
8,Medium,Increased monitoring and preventative measures
8,Medium,Increased monitoring and preventative measures
8,Medium,Increased monitoring and preventative measures
8,Medium,Increased monitoring and preventative measures
8,Medium,Increased monitoring and preventative measures
8,Medium,Increased monitoring and preventative measures
8,Medium,Increased monitoring and preventative measures
8,Medium,Increased monitoring and preventative measures
8,Medium,Increased monitoring and preventative measures
8,Medium,Increased monitoring and preventative measures
8,Medium,Increased monitoring and preventative measures
8,Medium,Increased monitoring and preventative measures
8,Medium,Increased monitoring and preventative measures
8,Medium,Increased monitoring and preventative measures
8,Medium,Increased monitoring and preventative measures
8,Medium,Increased monitoring and preventative measures
8,Medium,Increased monitoring and preventative measures
8,Medium,Increased monitoring and preventative measures
8,Medium,Increased monitoring and preventative measures
8,Medium,Increased monitoring and preventative measures
8,Medium,Increased monitoring and preventative measures
8,Medium,Increased monitoring and preventative measures
8,Medium,Increased monitoring and preventative measures
8,Medium,Increased monitoring and preventative measures
8,Medium,Increased monitoring and preventative measures
8,Medium,Increased monitoring and preventative measures
8,Medium,Increased monitoring and preventative measures
8,Medium,Increased monitoring and preventative measures
8,Medium,Increased monitoring and preventative measures
8,Medium,Increased monitoring and preventative measures
8,Medium,Increased monitoring and preventative measures
8,Medium,Increased monitoring and preventative measures
8,Medium,Increased monitoring and preventative measures
8,Medium,Increased monitoring and preventative measures
8,Medium,Increased monitoring and preventative measures
8,Medium,Increased monitoring and preventative measures
8,Medium,Increased monitoring and preventative measures
8,Medium,Increased monitoring and preventative measures
8,Medium,Increased monitoring and preventative measures
8,Medium,Increased monitoring and preventative measures
8,Medium,Increased monitoring and preventative measures
8,Medium,Increased monitoring and preventative measures
8,Medium,Increased monitoring and preventative measures
8,Medium,Increased monitoring and preventative measures
8,Medium,Increased monitoring and preventative measures
8,Medium,Increased monitoring and preventative measures
8,Medium,Increased monitoring and preventative measures
8,Medium,Increased monitoring and preventative measures
8,Medium,Increased monitoring and preventative measures
8,Medium,Increased monitoring and preventative measures
8,Medium,Increased monitoring and preventative measures
8,Medium,Increased monitoring and preventative measures
8,Medium,Increased monitoring and preventative measures
8,Medium,Increased monitoring and preventative measures
8,Medium,Increased monitoring and preventative measures
8,Medium,Increased monitoring and preventative measures
8,Medium,Increased monitoring and preventative measures
8,Medium,Increased monitoring and preventative measures
8,Medium,Increased monitoring and preventative measures
8,Medium,Increased monitoring and preventative measures
8,Medium,Increased monitoring and preventative measures
8,Medium,Increased monitoring and preventative measures
8,Medium,Increased monitoring and preventative measures
8,Medium,Increased monitoring and preventative measures
8,Medium,Increased monitoring and preventative measures
8,Medium,Increased monitoring and preventative measures
8,Medium,Increased monitoring and preventative measures
8,Medium,Increased monitoring and preventative measures
8,Medium,Increased monitoring and preventative measures
8,Medium,Increased monitoring and preventative measures
5,Medium,Increased monitoring and preventative measures
5,Low,Routine monitoring
5,Low,Routine monitoring
5,Low,Routine monitoring
5,Low,Routine monitoring
5,Low,Routine monitoring
5,Medium,Increased monitoring and preventative measures
5,Low,Routine monitoring
5,Low,Routine monitoring
5,Medium,Increased monitoring and preventative measures
5,Low,Routine monitoring
5,Medium,Increased monitoring and preventative measures
5,Medium,Increased monitoring and preventative measures
5,Low,Routine monitoring
5,Low,Routine monitoring
5,Medium,Increased monitoring and preventative measures
5,Medium,Increased monitoring and preventative measures
5,Medium,Increased monitoring and preventative measures
5,Medium,Increased monitoring and preventative measures
5,Low,Routine monitoring
5,Medium,Increased monitoring and preventative measures
5,Medium,Increased monitoring and preventative measures
5,Medium,Increased monitoring and preventative measures
5,Low,Routine monitoring
5,Low,Routine monitoring
5,Medium,Increased monitoring and preventative measures
5,Medium,Increased monitoring and preventative measures
5,Medium,Increased monitoring and preventative measures
5,Medium,Increased monitoring and preventative measures
5,Low,Routine monitoring
5,Medium,Increased monitoring and preventative measures
5,Low,Routine monitoring
5,Low,Routine monitoring
5,Medium,Increased monitoring and preventative measures
5,Medium,Increased monitoring and preventative measures
5,Low,Routine monitoring
5,Medium,Increased monitoring and preventative measures
5,Low,Routine monitoring
5,Low,Routine monitoring
5,Medium,Increased monitoring and preventative measures
5,Low,Routine monitoring
5,Medium,Increased monitoring and preventative measures
5,Medium,Increased monitoring and preventative measures
5,Medium,Increased monitoring and preventative measures
5,Medium,Increased monitoring and preventative measures
5,Medium,Increased monitoring and preventative measures
5,Medium,Increased monitoring and preventative measures
5,Low,Routine monitoring
5,Low,Routine monitoring
5,Medium,Increased monitoring and preventative measures
5,Low,Routine monitoring
5,Medium,Increased monitoring and preventative measures
5,Low,Routine monitoring
5,Low,Routine monitoring
5,Medium,Increased monitoring and preventative measures
5,Medium,Increased monitoring and preventative measures
5,Medium,Increased monitoring and preventative measures
5,Low,Routine monitoring
5,Medium,Increased monitoring and preventative measures
5,Medium,Increased monitoring and preventative measures
5,Medium,Increased monitoring and preventative measures
5,Medium,Increased monitoring and preventative measures
5,Low,Routine monitoring
5,Medium,Increased monitoring and preventative measures
5,Medium,Increased monitoring and preventative measures
5,Medium,Increased monitoring and preventative measures
5,Medium,Increased monitoring and preventative measures
5,Medium,Increased monitoring and preventative measures
5,Medium,Increased monitoring and preventative measures
5,Medium,Increased monitoring and preventative measures
5,Medium,Increased monitoring and preventative measures
5,Medium,Increased monitoring and preventative measures
5,Medium,Increased monitoring and preventative measures
5,Medium,Increased monitoring and preventative measures
5,Low,Routine monitoring
5,Medium,Increased monitoring and preventative measures
5,Low,Routine monitoring
5,Medium,Increased monitoring and preventative measures
5,Medium,Increased monitoring and preventative measures
5,Medium,Increased monitoring and preventative measures
5,Low,Routine monitoring
5,Medium,Increased monitoring and preventative measures
5,Low,Routine monitoring
5,Low,Routine monitoring
5,Low,Routine monitoring
5,Medium,Increased monitoring and preventative measures
5,Low,Routine monitoring
5,Medium,Increased monitoring and preventative measures
5,Medium,Increased monitoring and preventative measures
5,Medium,Increased monitoring and preventative measures
5,Low,Routine monitoring
5,Medium,Increased monitoring and preventative measures
5,Medium,Increased monitoring and preventative measures
5,Medium,Increased monitoring and preventative measures
5,Medium,Increased monitoring and preventative measures
5,Medium,Increased monitoring and preventative measures
5,Low,Routine monitoring
5,Medium,Increased monitoring and preventative measures
5,Low,Routine monitoring
5,Low,Routine monitoring
